additional agronomic information,bean size,breeder,cherry to green bean outturn,coffee berry borer,coffee berry disease,coffee leaf rust,contents of mucilage in the cherry,country of release,description,genetic description,leaf tip color,lineage,name,nematode,nutrition requirement,optimal altitude,planting density,quality potential at high altitude,ripening of fruit,species,stature,type,year of first production,yield potential
Anacafe 14 is drought tolerant. Anacafe 14 is not uniform; plants are not stable from one generation to the next.,Very Large,National Coffee Association of Guatemala (ANACAFÉ),High,,Susceptible,Resistant,,,"Very high yielding variety, with rust resistance and good quality at elevations above 1300 meters. Variety not uniform.",Introgressed (Catimor related),Green,(Timor Hybrid 832/1 x Caturra) x Pacamara,Anacafe 14,Susceptible,High,"Medium , High",4000-5000 plants/ha (using single-stem pruning),Good,Late,Arabica,Dwarf/Compact,,Year 2,High
"Well-adapted for smallholders because of its rare combination of being a tall variety with disease resistance and resillience (e.g., can cope with low management and adverse environmental conditions).",Very Large,"Coffee Research Foundation (now Kenya Agricultural and Livestock Research Organization, KALRO)",High,,Resistant,Tolerant,,,"A tall variety that combines high yields, tolerance to coffee leaf rust, resistance to coffee berry disease, and good cup quality.",Introgressed (Other),Green or Bronze,"Composite variety containing parentage from: SL28, SL34, Rume Sudan, N39, K7, SL4 and the Timor Hybrid.",Batian,Susceptible,Medium,Low,2000-3000 plants/ha (using multiple-stem pruning),Very Good,Unknown,Arabica,Tall,,Year 2,High
None,Average,None,Average,,Susceptible,Susceptible,,,"One of the most culturally and genetically important C. arabica varieties in the world, known for excellent quality in the cup at the highest altitudes.",Bourbon-Typica group (Bourbon related),Green,Bourbon-like genetic background.,Bourbon,Susceptible,Medium,High,3000-4000 plants/ha (using single-stem pruning),Very Good,Early,Arabica,Tall,,Year 4,Medium
None,Large,Rwanda Agricultural Board (RAB),Average,,Susceptible,Susceptible,,,Vigorous and highly productive tall variety with very good cup quality. Found commonly in Rwanda and Burundi.,Bourbon-Typica group (Bourbon related),Bronze,Bourbon-like genetic background.,Bourbon Mayaguez 139,Unknown,Medium,High,2000-3000 plants/ha (using multiple-stem pruning),Very Good,Average,Arabica,Tall,,Year 3,High
None,Large,Rwanda Agricultural Board (RAB),Average,,Susceptible,Susceptible,,,"Moderate yield, good cup potential, and susceptible to major diseases. Adapted for medium altitudes. Found commonly in Rwanda and Burundi.",Bourbon-Typica group (Bourbon related),Bronze,Bourbon-like genetic background.,Bourbon Mayaguez 71,Unknown,Medium,"Medium , High",1000-2000 plants/ha (using single-stem pruning),Good,Unknown,Arabica,Tall,,Year 3,Medium
Highly adapted for commercial production in Monagas State in northeastern Venezuela.,Large,Gustavo Buonafina Parra,Average,,Susceptible,Susceptible,,,Very good cup quality with large beans. An important regional variety in Monagas state in northeastern Venezuela.,Bourbon-Typica group (Typica related),Green,A selection of the Typica variety.,Caripe,Susceptible,Medium,"Medium , High",2000-3000 plants/ha (using multiple-stem pruning),Very Good,Average,Arabica,Tall,,Year 3,Medium
"An important note about F1 hybrids: Seeds taken from hybrid plants will not have the same characteristics as the parent plants. This is called “segregation.” It means that the child plant will not look or behave the same as the parent, with potential losses of yield, disease resistance, quality, or other agronomic performance traits. The variety should only be reproduced through clonal propagation and purchased from trusted nurseries.",Large,CIRAD-CATIE-ICAFE-IHCAFE-PROCAFE-ANACAFE,Very High,,Susceptible,Susceptible,,,"High yielding variety, with exceptional quality at elevations above 1300 meters.",F1 hybrid (not introgressed),Bronze,"Caturra x Ethiopian wild accession ""ET41"" (CATIE collection)",Casiopea,Susceptible,High,High,4000-5000 plants/ha (using single-stem pruning),Exceptional,Average,Arabica,Dwarf/Compact,,Year 3,High
Requires careful management to maximize yield without overbearing.,Large,Cenicafe,Average,,Resistant,Resistant,,,"High yielding/Dwarf/Compact variety resistant to coffee leaf rust and coffee berry disease. Found commonly in Malawi, Zambia, and Zimbabwe.",Introgressed (Catimor related),Green,Selection of a Catimor breeding line from Colombia (Caturra x Timor Hybrid 1343),Catimor 129,Susceptible,High,High,3000-4000 plants/ha (using single-stem pruning),Good,Average,Arabica,Dwarf/Compact,,Year 2,Very High
Susceptible to Ojo de Gallo. Adapted to warmest zones and acidic soils.,Average,Instituto Salvadoreño de Investigaciones del Café (ISIC),Low,,Susceptible,Resistant,,,Adapted to warmest zones and acidic soils. High yielding.,Introgressed (Catimor related),Bronze,Timor Hybrid 832/1 x Caturra,Catisic,Susceptible,High,"Low , Medium",5000-6000 plants/ha (using single-stem pruning),Very Low,Average,Arabica,Dwarf/Compact,,Year 3,High
None,Average,"Instituto Agronômico (IAC), Brazil",Average,,Susceptible,Susceptible,,,A compact plant with high yielding potential of standard quality in Central America. Very high susceptibility to coffee leaf rust.,Bourbon-Typica group (Typica and Bourbon related),Green,Mundo Novo x Caturra,Catuai,Susceptible,High,High,5000-6000 plants/ha (using single-stem pruning),Good,Average,Arabica,Dwarf/Compact,,Year 3,Good
None,Average,"Instituto Agronômico (IAC), Brazil",Average,,Susceptible,Susceptible,,,A compact plant with good yielding potential of standard quality in Central America. Very high susceptibility to coffee leaf rust.,Bourbon-Typica group (Bourbon related),Green,Natural mutation of the Bourbon variety,Caturra,Susceptible,High,High,5000-6000 plants/ha (using single-stem pruning),Good,Average,Arabica,Dwarf/Compact,,Year 3,Good
"May have difficulty establishing roots in the first two years. Requires careful nutrition for roots to become established, avoiding too much nitrogen (N). An important note about F1 hybrids: Seeds taken from hybrid plants will not have the same characteristics as the parent plants. This is called “segregation.” It means that the child plant will not look or behave the same as the parent, with potential losses of yield, disease resistance, quality, or other agronomic performance traits. The variety should only be reproduced through clonal propagation and purchased from trusted nurseries.",Large,CIRAD-CATIE-ICAFE-IHCAFE-PROCAFE-ANACAFE,Very High,,Tolerant,Resistant,,,"Very high yielding with very good quality potential if planted in healthy soil and at elevations >1300 meters, with resistance to rust. Well-adapted for agroforestry.",F1 hybrid (introgressed),Green,T5296 x Rume Sudan,Centroamericano,Susceptible,Very High,"Low , Medium , High",3000-4000 plants/ha (using single-stem pruning),Very Good,Average,Arabica,Dwarf/Compact,,Year 2,Very High
"Recently, Costa Rica 95 has been confirmed through scientific evaluation to be susceptible to coffee leaf rust in Costa Rica and may also be susceptible in other areas of Central America. Susceptible to Ojo de Gallo. Recommended for acidic soils and soils rich in aluminum. Recommended for warmest zones.",Average,Instituto del Café de Costa Rica (ICAFE),Average,,Susceptible,Susceptible,,,High yielding variety adapted to warmest zones and acidic soils.,Introgressed (Catimor related),Bronze,Timor Hybrid 832/1 x Caturra,Costa Rica 95,Susceptible,High,"Low , Medium",5000-6000 plants/ha (using single-stem pruning),Low,Average,Arabica,Dwarf/Compact,,Year 3,High
Nematode resistance: Not resistant to Pratylenchus spp. It is resistant to Meloidogyne exigua .,Large,Fundación Salvadoreña para Investigaciones del Café (PROCAFÉ),High,,Unknown,Resistant,,,Well-adapted to medium altitudes. Resistant to coffee leaf rust and some nematodes.,Introgressed (Sarchimor related),Green,Selection of T5296,Cuscatleco,Resistant,High,"Low , Medium",5000-6000 plants/ha (using single-stem pruning),Good,Average,Arabica,Dwarf/Compact,,Year 3,Good
"Excellent adaptation to humid environments. An important note about F1 hybrids: Seeds taken from hybrid plants will not have the same characteristics as the parent plants. This is called “segregation.” It means that the child plant will not look or behave the same as the parent, with potential losses of yield, disease resistance, quality, or other agronomic performance traits. The variety should only be reproduced through clonal propagation and purchased from trusted nurseries.",Large,CIRAD-CATIE-ICAFE-IHCAFE-PROCAFE-ANACAFE,Very High,,Tolerant,Tolerant,,,"Variety with very high productivity, tolerance to rust, and very good quality. Excellent adaptation to humid environments.",F1 hybrid (introgressed),Green,"T5296 x Ethiopian Local Variety accession ""ET25"" (from the CATIE collection)",Esperanza,Tolerant,High,"Low , Medium , High",3000-4000 plants/ha (using single-stem pruning),Very Good,Average,Arabica,Dwarf/Compact,,Year 2,Very High
"May have difficulty establishing roots in the first two years due to an imbalance between root growth and aerial parts. Requires careful nutrition for the roots to become properly established; avoid excess of nitrogen. An important note about F1 hybrids: Seeds taken from hybrid plantsNonewill not have the same characteristics as the parent plants.NoneThis is called “segregation.” It means that the child plant will not look or behave the same as the parent, with potential losses of yield, disease resistance, quality, or other agronomic performance traits. The variety should only be reproduced through clonal propagation and purchased from trusted nurseries.",Large,CIRAD-ECOM,Very High,,Tolerant,Susceptible,,,Very high yielding variety at elevations at high altitudes.,F1 hybrid (introgressed),Light Bronze,"Naryelis (Catimor) x Ethiopian landrace accession ""ET06"" (CATIE collection)",Evaluna,Susceptible,High,High,4000-5000 plants/ha (using single-stem pruning),Very Good,Average,Arabica,Dwarf/Compact,,Year 2,High
Variety not homogenous; presents a non-specified amount of segregation in the field. Susceptible to coffee leaf miner.,Average,None,High,,Unknown,Resistant,,,Early production and high yielding plant resistant to coffee leaf rust. Well- adapted to low and medium altitudes. Found primarily in Puerto Rico.,Introgressed (Catimor related),Green or Bronze,Timor Hybrid x Caturra,Fronton,Unknown,High,"Low , Medium",3000-4000 plants/ha (using single-stem pruning),Good,Average,Arabica,Dwarf/Compact,,Year 2,Good
None,Average,None,Average,,Susceptible,Tolerant,,,"Panamanian Geisha has exceptionally high quality at high altitudes. The term ""Geisha"" is often applied to other coffees that do not share the distinct genetics of Panamanian Geisha. Geisha is also cultivated widely in Malawi.",Ethiopian landrace,Green or Bronze,Ethiopian landrace,Geisha,Susceptible,Medium,High,3000-4000 plants/ha (using single-stem pruning),Exceptional,Average,Arabica,Tall,,Year 4,Medium
"Stature is intermediate between Dwarf/Compact and tall. An important note about F1 hybrids: Seeds taken from hybrid plants will not have the same characteristics as the parent plants. This is called “segregation.” It means that the child plant will not look or behave the same as the parent, with potential losses of yield, disease resistance, quality, or other agronomic performance traits. The variety should only be reproduced through clonal propagation and purchased from trusted nurseries.",Large,CIRAD-CATIE-ICAFE-IHCAFE-PROCAFE-ANACAFE,Very High,,Susceptible,Susceptible,,,"High yielding variety, with very good quality at elevations above 1300 meters.",F1 hybrid (not introgressed),Green,"Caturra x Ethiopian landrace accession ""E531'' (CATIE collection)",H3,Susceptible,High,High,3000-4000 plants/ha (using single-stem pruning),Very Good,Average,Arabica,Dwarf/Compact,,Year 3,High
"Many varieties or populations share the name Harar, but are not necessarily the same. This is the Harar variety sometimes found in Rwanda. It is no longer recommended by the Rwandan coffee authorities because of its short productive life.",Average,Rwanda Agricultural Board (RAB),Average,,Susceptible,Susceptible,,,"High yielding with very good cup quality potential, but susceptible to the major diseases and prone to die back. This is the Harar variety sometimes found in Rwanda (no longer recommended by Rwandan coffee authorities because of its short productive life)",Bourbon-Typica group (Typica related),Dark Bronze,"Typica-like genetic background, introduced to Rwanda in 1956.",Harar Rwanda,Unknown,Medium,"Medium , High",2000-3000 plants/ha (using multiple-stem pruning),Very Good,Average,Arabica,Tall,,Year 2,High
Nematodes: Not resistant to Pratylenchus spp. It is resistant to Meloidogyne exigua.,Average,"Instituto Agronômico do Paraná (IAPAR), Brazil",High,,Susceptible,Resistant,,,High yielding plant adapted to medium altitudes. Resistant to coffee leaf rust and some nematodes.,Introgressed (Sarchimor related),Light Bronze,Timor Hybrid 832/2 x Villa Sarchi,IAPAR 59,Resistant,High,"Low , Medium",5000-6000 plants/ha (using single-stem pruning),Low,Average,Arabica,Dwarf/Compact,,Year 3,Good
"Recently, IHCAFE 90 has been confirmed through scientific evaluation to be susceptible to coffee leaf rust in Honduras and maybe possibly also be susceptible in other areas of Central America. Highly susceptible to Ojo de Gallo.",Average,Instituto Hondureño del Café (IHCAFE),Low,,Susceptible,Susceptible,,,High yielding plant adapted to lowest altitudes. Requires high fertilization.,Introgressed (Catimor related),Dark Bronze,Timor Hybrid 832/1 x Caturra,IHCAFE 90,Susceptible,Very High,"Low , Medium",4000-5000 plants/ha (using single-stem pruning),Very Low,Average,Arabica,Dwarf/Compact,,Year 2,High
None,Large,Rwanda Agricultural Board (RAB),Average,,Susceptible,Susceptible,,,Very vigorous and highly productive. Found commonly in Rwanda and Burundi.,Bourbon-Typica group (Bourbon related),Bronze,A selection of Jackson. Bourbon-like genetic background.,Jackson 2/1257,Unknown,Medium,"Medium , High",1000-2000 plants/ha (using single-stem pruning),Good,Unknown,Arabica,Tall,,Year 3,High
None,Large,None,Average,,Tolerant,Tolerant,,,"High quality in Central America. Tolerant to major diseases, with low fertilizer requirement. Good choice for smallholder farmers.",Ethiopian landrace,Bronze,Ethiopian landrace,Java,Susceptible,Low,High,3000-4000 plants/ha (using single-stem pruning),Very Good,Average,Arabica,Tall,,Year 3,Medium
K7 is distinguished by its spreading habit on young laterals although older primaries tend to droop. It has characteristic medium to narrow leaves with young shoot-tips that are light bronze in color. It is suited for lower altitudes where coffee leaf rust is prevalent.,Large,Individual farmer selection: R.H. Walker in Kenya in 1936,High,,Tolerant,Tolerant,,,Tolerant to coffee leaf rust and coffee berry disease. Found primarily in Kenya and Tanzania.,Bourbon-Typica group (Bourbon related),Light Bronze,Selected from French Mission. Bourbon-like genetic background.,K7,Susceptible,Medium,"Low , Medium",1000-2000 plants/ha (using single-stem pruning),Good,Unknown,Arabica,Tall,,Year 3,High
Drought tolerant. Some tolerance to White Stem Borer has been documented.,Average,"Lyamungu Research Station, Tanzania",Average,,Susceptible,Tolerant,,,Tolerant of drought and coffee leaf rust but highly susceptible to coffee berry disease. Found mostly in Uganda.,Bourbon-Typica group (Bourbon related),Light Bronze,A selection of Kent. Likely Bourbon-like genetic background.,KP423,Susceptible,Medium,Medium,1000-2000 plants/ha (using single-stem pruning),Low,Unknown,Arabica,Tall,,Year 3,High
"Recently, Lempira has been confirmed through scientific evaluation to be susceptible to coffee leaf rust in Honduras and maybe possibly also be susceptible in other areas of Central America. Susceptible to Ojo de Gallo. Recommended for acidic soils and soils rich aluminium. Recommended for warmest zones.",Average,Instituto Hondureño del Café (IHCAFE),Low,,Susceptible,Susceptible,,,High yielding variety adapted to warmest zones and acidic soils.,Introgressed (Catimor related),Bronze,Timor Hybrid 832/1 x Caturra,Lempira,Susceptible,High,"Low , Medium",5000-6000 plants/ha (using single-stem pruning),Low,Average,Arabica,Dwarf/Compact,,Year 3,High
"""True"" Limani is very difficult to find because of issues with genetic traceability dating to its original release in Puerto Rico. Consequently, plants identified as Limani rarely match the original reference. This doesn’t necessarily mean that plants identified as Limani won’t perform well, only that it is difficult to predict performance, for example, or resistance to coffee leaf rust. True Limani is supposed to be well adapted to medium altitudes (above 1000 m) and rust resistant.",Average,"Unknown, in Puerto Rico",High,,Unknown,Resistant,,,An elusive Puerto Rican variety.,Introgressed (Sarchimor related),Bronze,Timor Hybrid 832/2 x Villa Sarchi,Limani,Unknown,High,"Low , Medium",5000-6000 plants/ha (using single-stem pruning),Good,Average,Arabica,Dwarf/Compact,,Year 3,Good
"Due to the low productivity of Maragogipe, Pacamara is considered a better option. Maragogipe beans are especially large, and the plant also has unusually large spacing between internodes and leaf size.",Very Large,None,Very High,,Susceptible,Susceptible,,,"Good to very good cup quality in Central America, but highly susceptible to rust. Very low yielding, large leaves and large internodes.",Bourbon-Typica group (Typica related),Bronze,A natural mutation of Typica,Maragogipe,Susceptible,Low,High,3000-4000 plants/ha (using single-stem pruning),Very Good,Average,Arabica,Tall,,Year 4,Low
None,Average,CIRAD-ECOM,High,,Tolerant,Resistant,,,High yielding plant adapted to medium altitudes. Notably high acidity in the cup.,Introgressed (Sarchimor related),Green,Timor Hybrid 832/2 x Villa Sarchi CIFC 971/10,Marsellesa,Susceptible,High,"Low , Medium",5000-6000 plants/ha (using single-stem pruning),Good,Average,Arabica,Dwarf/Compact,,Year 3,High
"Drought tolerant and resilient (e.g., can cope with low management and adverse environmental conditions).",Large,None,Average,,Susceptible,Susceptible,,,"Exceptional cup quality and drought tolerant, but highly susceptible to major diseases. Important variety for smallholder coffee growers in Rwanda and Burundi.",Bourbon-Typica group (Typica related),Green or Bronze,Likely Typica-like genetic background.,Mibirizi,Unknown,Low,High,1000-2000 plants/ha (using single-stem pruning),Exceptional,Unknown,Arabica,Tall,,Year 3,Good
"An important note about F1 hybrids: Seeds taken from hybrid plants will not have the same characteristics as the parent plants. This is called “segregation.” It means that the child plant will not look or behave the same as the parent, with potential losses of yield, disease resistance, quality, or other agronomic performance traits. The variety should only be reproduced through clonal propagation and purchased from trusted nurseries.",Large,CIRAD-CATIE-ICAFE-IHCAFE-PROCAFE-ANACAFE,Very High,,Tolerant,Resistant,,,"Very high-yielding variety, with rust resistance and good quality at elevations above 1300 meters. Variety not uniform.",F1 hybrid (introgressed),Green,T5296 x Rume Sudan,Milenio,Susceptible,Unknown,"Medium , High",4000-5000 plants/ha (using single-stem pruning),Very Good,Average,Arabica,Dwarf/Compact,,Year 2,Very High
Monte Claro is a cultivar that can tolerate significant levels of aluminum in the soil and weather variation. It grows very well in medium shade. It is highly adapted to different conditions and geographic regions of Venezuela.,Very Large,Instituto Nacional de Investigaciones Agrícolas (INIA)-Venezula,High,,Susceptible,Tolerant,,,"Compact variety with very good cup quality and large beans, tolerance to coffee leaf rust and nematodes, and high yield potential. An important regional variety in Venezuela.",Introgressed (Sarchimor related),Bronze,Timor Hybrid 832/2 x Villa Sarchi CIFC 971/11,Monte Claro,Tolerant,High,Medium,5000-6000 plants/ha (using single-stem pruning),Very Good,Average,Arabica,Dwarf/Compact,,Year 2,High
"Nematodes: Variety not resistant to Pratylenchus spp. Is resistant to some Meloidogyne spp. An important note about F1 hybrids: Seeds taken from hybrid plants will not have the same characteristics as the parent plants. This is called “segregation.” It means that the child plant will not look or behave the same as the parent, with potential losses of yield, disease resistance, quality, or other agronomic performance traits. The variety should only be reproduced through clonal propagation and purchased from trusted nurseries.",Large,CIRAD-ECOM,Very High,,Tolerant,Resistant,,,"Very high yielding variety if planted in healthy soil, with very good quality at elevations above 1300 meters. Well-adapted to agroforestery conditions.",F1 hybrid (introgressed),Bronze,"T5296 x wild Ethiopian accession ""ET01"" (CATIE collection)",Mundo Maya,Resistant,High,"Medium , High",4000-5000 plants/ha (using single-stem pruning),Very Good,Average,Arabica,Dwarf/Compact,,Year 2,High
"In Peru, recommended elevation is >1500m.",Average,"Instituto Agronómico de Campinas (IAC), Brasil",Average,,Susceptible,Susceptible,,,"A vigorous and productive plant with good quality cup but susceptible to major diseases. Grown widely in South America, but rarely in Central America and the Caribbean.",Bourbon-Typica group (Typica and Bourbon related),Green or Bronze,Typica x Bourbon,Mundo Novo,Susceptible,High,High,3000-4000 plants/ha (using single-stem pruning),Good,Average,Arabica,Tall,,Year 3,High
"An important note about F1 hybrids: Seeds taken from hybrid plants will not have the same characteristics as the parent plants. This is called “segregation.” It means that the child plant will not look or behave the same as the parent, with potential losses of yield, disease resistance, quality, or other agronomic performance traits. The variety should only be reproduced through clonal propagation and purchased from trusted nurseries.",Large,CIRAD-ECOM,Very High,,Tolerant,Susceptible,,,High yielding variety at high altitudes with very good cup quality.,F1 hybrid (introgressed),Dark Bronze,"Naryelis (Catimor) x wild Ethiopian accession ""ET26"" (CATIE collection)",Nayarita,Susceptible,High,High,3000-4000 plants/ha (using single-stem pruning),Very Good,Average,Arabica,Dwarf/Compact,,Year 2,High
"Grafting Arabica onto Robusta rootstock has no effect on cup quality. Propagation by seeds produced in authorized fields. Nematodes: Tolerant to Pratylenchus spp. and resistant to Meloidogyne exigua, M. arenaria, and M. paranaensis.",Not applicable,PROMECAFE-CIRAD-CATIE,Not applicable,,Unknown,Not applicable,,,A Robusta variety used for rootstock grafting because of its high resistance to nematodes. Arabica plants (any variety) can be grafted onto Nemaya roostock to make the plant resistant to nematodes.,,Not applicable,C. canephora T3561 x C. canephora T3751,Nemaya,Resistant,Not applicable,Not applicable,,Not applicable,Not applicable,Arabica,Not applicable,,Not applicable,Not applicable
"Resilient variety (e.g., can cope with low management and adverse environmental conditions).",Average,None,Average,,Susceptible,Susceptible,,,"Good cup quality, but susceptible to major diseases. Preferred by smallholder farmers in Uganda.",Bourbon-Typica group (Typica related),Light Bronze,Likely Typica-like genetic background.,Nyasaland,Unknown,Low,"Medium , High",1000-2000 plants/ha (using single-stem pruning),Good,Unknown,Arabica,Tall,,Year 3,Good
None,Large,"Instituto Agronômico (IAC), Brazil",Unknown,,Unknown,Resistant,,,"A high yielding, rust-resistant Brazilian variety recently introduced to Costa Rica.",Introgressed (Sarchimor related),Green,Timor Hybrid 832/2 x Villa Sarchi CIFC 971/10,Obata,Unknown,High,"Low , Medium",5000-6000 plants/ha (using single-stem pruning),Good,Late,Arabica,Dwarf/Compact,,Year 3,High
"Susceptible to Ojo de Gallo. Recommended for acidic soils, soils rich in aluminum, and for warmest zones.",Average,"Instituto Nacional de Investigaciones Forestales, Agrícolas y Pecuarias (INIFAP), Mexico",Average,,Susceptible,Resistant,,,Adapted to warmest zones and acidic soils. High yielding.,Introgressed (Catimor related),Green,Timor Hybrid 832/1 x Caturra,Oro Azteca,Susceptible,High,"Low , Medium",5000-6000 plants/ha (using single-stem pruning),Good,Average,Arabica,Dwarf/Compact,,Year 3,High
Pacamara is not homogeneous; plants are not stable from one generation to the next.,Very Large,Instituto Salvadoreño de Investigaciones del Café (ISIC),Average,,Susceptible,Susceptible,,,Capable of producing exceptional cup quality. Very high susceptibility to coffee leaf rust. Variety not uniform; plants are not stable from one generation to the next.,Bourbon-Typica group (Typica and Bourbon related),Green or Bronze,Pacas x Maragogipe,Pacamara,Susceptible,Medium,High,5000-6000 plants/ha (using single-stem pruning),Exceptional,Average,Arabica,Dwarf/Compact,,Year 3,Good
None,Average,Instituto Salvadoreño de Investigaciones del Café (ISIC),Average,,Susceptible,Susceptible,,,Standard quality in Central America. Very high susceptibility to coffee leaf rust.,Bourbon-Typica group (Bourbon related),Green,A natural mutation of Bourbon.,Pacas,Susceptible,Medium,High,5000-6000 plants/ha (using single-stem pruning),Good,Average,Arabica,Dwarf/Compact,,Year 3,Good
"It is best adapted to elevations above 1200 meters and in regions with less than 2,500 millimeters of rainfall per year areas. Recommended elevation in Peru is >1400 meters.",Large,None,Average,,Susceptible,Susceptible,,,"A compact plant with medium yield and good quality, but highly susceptible to major diseases.",Bourbon-Typica group (Typica related),Bronze,A natural mutation of Typica.,Pache,Susceptible,Medium,High,5000-6000 plants/ha (using single-stem pruning),Good,Average,Arabica,Dwarf/Compact,,Year 4,Medium
Nematodes: Not resistant toNonePratylenchus spp.NoneIs resistant to someNoneMeloidogyne spp.,Large,Instituto Hondureño del Café (IHCAFE),High,,Tolerant,Resistant,,,"Well-adapted to medium altitudes, resistant to coffee leaf rust and some nematodes.",Introgressed (Sarchimor related),Green,Selection of T5296,Parainema,Resistant,High,"Low , Medium",5000-6000 plants/ha (using single-stem pruning),Good,Average,Arabica,Dwarf/Compact,,Year 3,Good
Drought tolerant. Significantly prone to die back.,Average,Rwanda Agricultural Board (RAB),Average,,Tolerant,Resistant,,,"High yielding with tolerance to drought, coffee leaf rust, and coffee berry disease. Adapted to a wide range of ecosystems. Found mostly in Rwanda.",Bourbon-Typica group (Typica related),Bronze,"A selection of BMJ (Blue Mountain Jamaica) in Rwanda, related to but distinct from Typica.",Pop3303/21,Unknown,High,"Medium , High",2000-3000 plants/ha (using multiple-stem pruning),Good,Unknown,Arabica,Tall,,Year 2,High
Vigorous.,Large,Rwanda Agricultural Board (RAB),Average,,Resistant,Resistant,,,High yielding tall variety resistant to rust and coffee berry disease recently released in Rwanda.,Introgressed (Other),Green or Bronze,A selection of the Indian variety Sln.6 (Kent x C. robusta). A population composite variety.,RAB C15,Unknown,High,"Medium , High",2000-3000 plants/ha (using multiple-stem pruning),Very Good,Unknown,Arabica,Tall,,Year 2,Very High
None,Large,"Coffee Research Foundation (now Kenya Agricultural and Livestock Research Organization, KALRO)",Average,,Resistant,Tolerant,,,"High-yielding, Dwarf/Compact hybrid tolerant to coffee leaf rust and resistant to coffee berry disease (CBD). Released in Kenya.",F1 hybrid (introgressed),Green or Bronze,"Composite variety made of many varieties. Catimor (female parent) x multicross selection involving K7, SL28, N39, Rume Sudan, among others (male parent).",Ruiru 11,Susceptible,High,"Low , Medium , High",2000-3000 plants/ha (using multiple-stem pruning),Good,Average,Arabica,Dwarf/Compact,,Year 2,Very High
Drought and cold tolerant.,Average,Scott Agricultural Laboratories,Average,,Susceptible,Susceptible,,,A high-yielding tall variety with drought and cold tolerance. Found mostly in Kenya and Uganda.,Bourbon-Typica group (Typica related),Light Bronze,Typica-like genetic background.,SL14,Susceptible,Low,"Medium , High",1000-2000 plants/ha (using single-stem pruning),Good,Unknown,Arabica,Tall,,Year 3,High
"Drought tolerant. Shoot tips are mainly green but occasionally bronze types are observed. Primary branches are predominantly semi-erect, but tend to become decumbent or drooping after successive crop-bearing seasons.",Large,Scott Agricultural Laboratories,High,,Susceptible,Susceptible,,,"Drought tolerant and very good cup quality potential, but susceptible to major diseases. Found commonly in Kenya, Malawi, Uganda, Zimbabwe.",Bourbon-Typica group (Bourbon related),Green,"Selection of ""Tanganika Drought Resistant."" Bourbon-like genetic background.",SL28,Susceptible,Low,"Medium , High",1000-2000 plants/ha (using single-stem pruning),Exceptional,Unknown,Arabica,Tall,,Year 3,Very High
SL34 is adapted to high altitude areas with good rainfall. It is characterized by dark bronze shoot tipped plants with a few green-tipped strains. The laterals have semi-erect habit which tend to droop on older primary branches.,Large,Scott Agricultural Laboratories,High,,Susceptible,Susceptible,,,Exceptional cup quality but highly susceptible to coffee berry disease. Found mostly in Kenya.,Bourbon-Typica group (Typica related),Dark Bronze,Typica-like genetic background.,SL34,Susceptible,Medium,"Medium , High",1000-2000 plants/ha (using single-stem pruning),Exceptional,Unknown,Arabica,Tall,,Year 3,High
"Variety not uniform. When planted, approximately 15% of plants will ""segregate"" (have different appearance/performance than the standard).An important note about F1 hybrids: Seeds taken from hybrid plants will not have the same characteristics as the parent plants. This is called “segregation.” It means that the child plant will not look or behave the same as the parent, with potential losses of yield, disease resistance, quality, or other agronomic performance traits. The variety should only be reproduced through clonal propagation and purchased from trusted nurseries.",Large,CIRAD-ECOM,High,,Unknown,Resistant,,,High yielding plant adapted to medium altitudes. Notably high acidity in the cup.,F1 hybrid (introgressed),Green,Marsallesa x wild Ethiopian/Sudanese natural mutant,Starmaya,Unknown,Medium,Medium,4000-5000 plants/ha (using single-stem pruning),Very Good,Average,Arabica,Dwarf/Compact,,Year 2,High
Highly susceptible to Ojo de Gallo. T5175 is not homogeneous; plants are not stable from one generation to the next.,Average,Instituto del Café de Costa Rica (ICAFE),Low,,Susceptible,Resistant,,,High-yielding plant adapted to lowest altitudes. Requires high fertilization. Variety not uniform.,Introgressed (Catimor related),Dark Bronze,Timor Hybrid 832/1 x Caturra,T5175,Susceptible,Very High,"Low , Medium",4000-5000 plants/ha (using single-stem pruning),Very Low,Average,Arabica,Dwarf/Compact,,Year 2,High
T5296 not uniform; plants are not stable from one generation to the next. Nematodes: Not resistant to Pratylenchus spp. There may be varying degrees of resistance to Meloidogyne exigua.,Large,-,High,,Tolerant,Resistant,,,Well-adapted to medium altitudes. Variety not uniform.,Introgressed (Sarchimor related),Green,Timor Hybrid CIFC 832/2 x Villa Sarchi,T5296,Unknown,High,"Low , Medium",5000-6000 plants/ha (using single-stem pruning),Good,Average,Arabica,Dwarf/Compact,,Year 3,Good
"Susceptible to Ojo de Gallo, recommended for acidic soils and soils rich in aluminum, as well as warm climates. In Peru, the recommended elevation is between 800 and 1400 meters.",Average,None,Low,,Susceptible,Resistant,,,"High-yielding variety, resistant to rust, and adapted to warmest zones and acidic soils.",Introgressed (Catimor related),Bronze,Timor Hybrid 832/1 x Caturra,T8667,Susceptible,High,"Low , Medium",5000-6000 plants/ha (using single-stem pruning),Low,Average,Arabica,Dwarf/Compact,,Year 3,High
-,Average,Instituto Salvadoreño de Investigaciones del Café (ISIC),Average,,Susceptible,Susceptible,,,"A variety selected in El Salvador, and known for very good cup quality in the highest altitudes.",Bourbon-Typica group (Bourbon related),Green,A selection of the Bourbon variety,Tekisic,Susceptible,Medium,High,3000-4000 plants/ha (using single-stem pruning),Very Good,Early,Arabica,Tall,,Year 4,Medium
-,Large,None,Average,,Susceptible,Susceptible,,,"One of the most culturally and genetically important C. arabica coffees in the world, with high quality in Central America. Very high susceptibility to coffee leaf rust, well-adapted to the coldest conditions.",Bourbon-Typica group (Typica related),Bronze,"Also called Criollo (Creole), Indio (Indian), Arábigo (Arabica), Plume Hidalgo, Blue Mountain, and Sumatra.",Typica,Susceptible,Medium,High,3000-4000 plants/ha (using single-stem pruning),Very Good,Average,Arabica,Tall,,Year 4,Low
-,Large,Instituto del Café de Costa Rica (ICAFE),Average,,Susceptible,Susceptible,,,Very high susceptibility to coffee leaf rust. Well-adapted to rainy zones due to late harvest during dry season.,Bourbon-Typica group (Bourbon related),Green,A natural mutation of Bourbon,Venecia,Susceptible,High,"Medium , High",5000-6000 plants/ha (using single-stem pruning),Good,Late,Arabica,Dwarf/Compact,,Year 3,Good
Well-adpated to highest altitude conditions and tolerant of strong winds.,Below Average,Instituto del Café de Costa Rica (ICAFE),Average,,Susceptible,Susceptible,,,Well-adpated to highest altitude conditions and tolerant of strong winds.,Bourbon-Typica group (Bourbon related),Green,A natural mutation of Bourbon,Villa Sarchi,Susceptible,High,High,5000-6000 plants/ha (using single-stem pruning),Good,Average,Arabica,Dwarf/Compact,,Year 3,Good
Suitable for wet climates in areas with elevation 400–900 meters above sea level. The plant has short internodes. There is a clear white line on green cherry. This clone is susceptible to Pratylenchus coffeae. Must be planted together with other clones to enable fruit set.,Large (screen size >17),Indonesian Coffee and Cocoa Research Institute (ICCRI),21%,Susceptible SHOOT HOLE BORER ( XYLOSANDUS COMPACTUS ) Unknown,Tolerant,Resistant,Average,Indonesia,Most commonly grown clone by farmers in Indonesia; suitable for cultivation under agroforestry systems.,Congo group,Light Bronze,Individual selection labeled 6 from a Congolensis population.,BP 534,Resistant,Medium,,1000-2000 plants/ha (using single-stem pruning),,Average,Robusta,Tall,Clone,Year 2,1700-2200 kg/ha
"The clone has wide adaptability, but optimal productivity will be achieved in wet climates areas with elevations ranging from 400–900 meters above sea level. This clone is susceptible to Pratylenchus coffeae. Must be planted together with other clones to enable fruit set.",Large (screen size >17),Indonesian Coffee and Cocoa Research Institute (ICCRI),20%,Susceptible SHOOT HOLE BORER ( XYLOSANDUS COMPACTUS ) Unknown,Tolerant,Resistant,Average,Indonesia,"Wide adaptability to different environments, with optimal productivity in areas with wet climates; suitable for cultivation under agroforestry systems.",Congo group,Light Bronze,SA 164-11 x BP 42,BP 936,Resistant,Medium,,1000-2000 plants/ha (using single-stem pruning),,Average,Robusta,Tall,Clone,Year 2,1600-2200 kg/ha
The clone has wide adaptability but optimal productivity will be achieved in dry climate areas with altitudes ranging between 400–900 meters above sea level. This clone is susceptible to Pratylenchus coffeae. Must be planted together with other clones to enable fruit set.,Large (screen size >17),Indonesian Coffee and Cocoa Research Institute (ICCRI),21%,Susceptible SHOOT HOLE BORER ( XYLOSANDUS COMPACTUS ) Unknown,Tolerant,Resistant,Average,Indonesia,Wide adaptability to different environments that produces best in areas with dry climates; suitable for cultivation under agroforestry systems.,Congo group,Light Bronze,BP 42 x SA 1366,BP 939,Resistant,Medium,,1000-2000 plants/ha (using single-stem pruning),,Average,Robusta,Tall,Clone,Year 2,1400-1900 kg/ha
"High yield per hectare when established in full sun with no shade. When in an environment with low water availability in the soil, it shows generalized yellowing. Overall beverage quality score (Specialty Coffee Association) = 79 points. Flavor attributes: Chocolate, cereals, woody. Highest fruit set will occur when planted with other clones in gametophytic compatibility Groups II and III, as this variety is from Group I.",Medium (screen size 15-16),Brazilian Agricultural Research Corporation (EMBRAPA),25%,Susceptible SHOOT HOLE BORER ( XYLOSANDUS COMPACTUS ) Unknown,Unknown,Resistant,High,Brazil,Adaptable to the environments of the Western Amazon with high productivity. Plant structure suitable for mechanized harvesting. Resistant to nematodes and coffee rust.,Guinea x Congo group,Light Bronze,Robusta 1675 x Encapa 03,BRS 1216,Resistant,High,,2000-3000 plants/ha (using multiple-stem pruning),,Average,Robusta,Dwarf/Compact,Polyclonal,Year 2,7200 kg/ha
"Presents high yield per hectare when established in full sun with no shade. It can present a greater unevenness in the ripening of fruits, caused by irregular flowering in years of greater rain frequency during the dry season. Overall beverage quality score (Specialty Coffee Association) = 70 points. Flavor attributes: Neutral, cereal, herbal. Highest fruit set will occur when planted with other clones in gametophytic compatibility Groups I and III, as this variety is from Group II.",Medium (screen size 15-16),Brazilian Agricultural Research Corporation (EMBRAPA),25%,Susceptible SHOOT HOLE BORER ( XYLOSANDUS COMPACTUS ) Unknown,Unknown,Resistant,Average,Brazil,Plant structure suitable for mechanized harvesting. Stands out for its tolerance to the root-knot nematode Meloidogyne sp.,Guinea x Congo group,Light Bronze,Unknown parents. Natural cross between conilon and robusta plants. These were selected from farmers' fields.,BRS 2299,Resistant,High,,2000-3000 plants/ha (using multiple-stem pruning),,Average,Robusta,Dwarf/Compact,Polyclonal,Year 2,6600 kg/ha
"Presents high yield per hectare under irrigation. This cultivar has received 80 points or more in all the cupping events conducted, reaching 87.2 points in one of the samples. Following the Fine Robustas Tasting Protocol developed by the Coffee Quality Institute, it has been classified as a 'Fine Robusta.' Average beverage quality score (Specialty Coffee Association) = 80 points. Flavor attributes: chocolate, caramel, fruit. Highest fruit set will occur when planted with other clones in gametophytic compatibility Groups I and III, as this variety is from Group II.",Small (screen size 14 or below),Brazilian Agricultural Research Corporation (EMBRAPA),25%,Susceptible SHOOT HOLE BORER ( XYLOSANDUS COMPACTUS ) Unknown,Unknown,Resistant,Average,Brazil,High cupping scores; has been classified as a 'fine robusta.',Guinea x Congo group,Light Bronze,Robusta 640 X Encapa 03,BRS 2314,Resistant,High,,2000-3000 plants/ha (using multiple-stem pruning),,Late,Robusta,Dwarf/Compact,Polyclonal,Year 2,6600 kg/ha
"Presents high yield per hectare when established in full sun with no shade. Resistant to water stress; however, irrigation is recommended. Leaves demonstrate the behavior of plants under water stress, even in conditions of high water availability. Beverage quality score (Specialty Coffee Association) = 75 points. Flavor attributes: sweet aftertaste, soft. Highest fruit set will occur when planted with other clones in gametophytic compatibility Groups I and III, as this variety is from Group II.",Medium (screen size 15-16),Brazilian Agricultural Research Corporation (EMBRAPA),25%,Susceptible SHOOT HOLE BORER ( XYLOSANDUS COMPACTUS ) Unknown,Unknown,Resistant,High,Brazil,"Adaptable to the environments of the Western Amazon, with high productivity and bean size.",Guinea x Congo group,Light Bronze,Unknown parents. Natural cross between conilon and robusta plants. These were selected from farmers' fields.,BRS 2336,Susceptible,High,,2000-3000 plants/ha (using multiple-stem pruning),,Late,Robusta,Dwarf/Compact,Polyclonal,Year 2,7200 kg/ha
"Presents high yield per hectare when established in full sun with no shade. It has small, narrow leaves that allow good air circulation inside its crown. It is susceptible to the root-knot nematode, and is susceptible to coffee leaf rust. Beverage quality score (Specialty Coffee Association) = 70 points. Flavor attributes: neutral, no attributes worth highlighting. Highest fruit set will occur when planted with other clones in gametophytic compatibility Groups I and III, as this variety is from Group II.",Medium (screen size 15-16),Brazilian Agricultural Research Corporation (EMBRAPA),25%,Susceptible SHOOT HOLE BORER ( XYLOSANDUS COMPACTUS ) Unknown,Unknown,Susceptible,Average,Brazil,"Compact canopy, which allows for densification. Short stems allow one additional harvest before renewal.",Guinea x Congo group,Dark Bronze,Unknown parents. Natural cross between conilon and robusta plants. These were selected from farmers' fields.,BRS 2357,Susceptible,High,,2000-3000 plants/ha (using multiple-stem pruning),,Late,Robusta,Dwarf/Compact,Polyclonal,Year 2,6000 kg/ha
"Beverage quality score (Speciality Coffee Association) = 70 points. Flavor attributes: neutral. Highest fruit set will occur when planted with other clones in gametophytic compatibility Groups I and II, as this variety is from Group III.",Small (screen size 14 or below),Brazilian Agricultural Research Corporation (EMBRAPA),25%,Susceptible SHOOT HOLE BORER ( XYLOSANDUS COMPACTUS ) Unknown,Unknown,Tolerant,Average,Brazil,"Recognized for its rusticity, presenting good vegetative and productive characteristics in dry conditions and low-fertility soils.",Guinea x Congo group,Light Bronze,Unknown parents. Natural cross between conilon and robusta plants. These were selected from farmers' fields.,BRS 3137,Tolerant,Medium,,2000-3000 plants/ha (using multiple-stem pruning),,Early,Robusta,Dwarf/Compact,Polyclonal,Year 2,6600 kg/ha
"Recognized for having the longest length of productive branches among the genotypes studied, and for presenting with a high number of rosettes per branch. Beverage quality score (Specialty Coffee Association) = 75 points. Flavor attributes: chocolate, caramel, almond. Highest fruit set will occur when planted with other clones in gametophytic compatibility Groups I and II, as this variety is from Group III.",Small (screen size 14 or below),Brazilian Agricultural Research Corporation (EMBRAPA),25%,Susceptible SHOOT HOLE BORER ( XYLOSANDUS COMPACTUS ) Unknown,Unknown,Tolerant,Average,Brazil,"Long primary branches. Production peak in the second or third commercial harvest due to its initial growth, which reduces the biannual production of the crop by compensating for lower yields of other clones.",Guinea x Congo group,Light Bronze,Unknown parents. Natural cross between conilon and robusta plants. These were selected from farmers' fields.,BRS 3193,Tolerant,High,,2000-3000 plants/ha (using multiple-stem pruning),,Early,Robusta,Dwarf/Compact,Polyclonal,Year 2,6000 kg/ha
"Resistant to water stress, however, irrigation is recommended. Even in conditions of high water availability, its leaves demonstrate the behavior of plants under water stress. Presents high yield per hectare, 120 60-kg bags. Beverage quality score (Specialty Coffee Association) = 75 points. Attributes: Sweet aftertaste, soft. This cultivar is established in full sun with no shade. Highest fruit set will occur when planted with other clones in gametophytic compatibility Groups I and II, as this variety is from Group III.",Medium (screen size 15-16),Brazilian Agricultural Research Corporation (EMBRAPA),25%,Susceptible SHOOT HOLE BORER ( XYLOSANDUS COMPACTUS ) Unknown,Unknown,Resistant,High,Brazil,Good adaptability and stability in the environments of the Western Amazon. Good productivity and bean size.,Guinea x Congo group,Green,Unknown parents. Natural cross between conilon and robusta plants. These were selected from farmers' fields.,BRS 3210,Susceptible,High,,2000-3000 plants/ha (using multiple-stem pruning),,Late,Robusta,Tall,Polyclonal,Year 2,7200 kg/ha
"Presents high yield per hectare when established in full sun with no shade. Resistant to water stress, however, irrigation is recommended. Even in conditions of high water availability, its leaves demonstrate the behavior of plants under water stress. Beverage quality score (Specialty Coffee Association) = 75 points. Flavor atributes: sweet aftertaste, soft. Highest fruit set will occur when planted with other clones in gametophytic compatibility Groups I and II, as this variety is from Group III.",Medium (screen size 15-16),Brazilian Agricultural Research Corporation (EMBRAPA),25%,Susceptible SHOOT HOLE BORER ( XYLOSANDUS COMPACTUS ) Unknown,Unknown,Resistant,High,Brazil,Adaptable to the environments of the Western Amazon recognized for good productivity and bean size.,Guinea x Congo group,Green,Unknown parents. Natural cross between conilon and robusta plants. These were selected from farmers' fields.,BRS 3213,Susceptible,High,,2000-3000 plants/ha (using multiple-stem pruning),,Late,Robusta,Tall,Polyclonal,Year 2,7200 kg/ha
"Presents high yield per hectare when established in full sun with no shade. Resistant to water stress, however, irrigation is recommended. Even in conditions of high water availability, its leaves demonstrate the behavior of plants under water stress. Beverage quality score (Specialty Coffee Association) = 75 points. Flavor attributes: sweet aftertaste, soft. Highest fruit set will occur when planted with other clones in gametophytic compatibility Groups I and II, as this variety is from Group III.",Medium (screen size 15-16),Brazilian Agricultural Research Corporation (EMBRAPA),25%,Susceptible SHOOT HOLE BORER ( XYLOSANDUS COMPACTUS ) Unknown,Unknown,Resistant,High,Brazil,"Adaptable to the environments of the Western Amazon, recognized for good productivity and bean size.",Guinea x Congo group,Green,Unknown parents. Natural cross between conilon and robusta plants. These were selected from farmers' fields.,BRS 3220,Susceptible,High,,2000-3000 plants/ha (using multiple-stem pruning),,Late,Robusta,Tall,Polyclonal,Year 2,6600 kg/ha
"Has the tendency to produce more than three productive stems per plant with heavy fruit load. Combined with typical multiplication by rooted cuttings, it means the plant may need to be staked. However, this typically does not become a problem and rather facilitates the harvest. Usually cultivated at 700 meters above sea level. Must be planted together with other clones to enable fruit set.",Medium (screen size 15-16),Nestlé Research/Instituto Nacional de Investigaciones Forestales Agricolas y Pecuarias,Unknown/Desconocido,Susceptible SHOOT HOLE BORER ( XYLOSANDUS COMPACTUS ) Susceptible,Unknown,Tolerant,Low,Mexico,Compact plant grown under the conditions of the Chiapas coast in Mexico. Reduced plant size lends itself to higher yields in dry conditions and differentiates it from any other clone.,Guinea group,Light Bronze,Unknown,INIFAP 00-24,Unknown,High,,1000-2000 plants/ha (using single-stem pruning),,Average,Robusta,Dwarf/Compact,Clone,Year 2,Unknown/Desconocido- kg/ha
"This clone does not produce many shoots and, normally, the plant is formed with 1 or 2 productive stems. Susceptible to stem and shoot hole borer and coffee berry disease (CBD). Typically cultivated at 700 meters above sea level. Must be planted together with other clones to enable fruit set.",Medium (screen size 15-16),Nestlé Research/Instituto Nacional de Investigaciones Forestales Agricolas y Pecuarias (INIFAP),Unknown/Desconocido,Susceptible SHOOT HOLE BORER ( XYLOSANDUS COMPACTUS ) Susceptible,Unknown,Tolerant,Low,Mexico,"Tall plants with large and numerous leaves and fruits; highest-yielding clone for the conditions of the coast of Chiapas, Mexico.",Congo group,Green,Unknown,INIFAP 00-28,Unknown,High,,1000-2000 plants/ha (using single-stem pruning),,Late,Robusta,Tall,Clone,Year 2,Unknown/Desconocido- kg/ha
"This clone is preferred by growers in the coastal region of Chiapas, Mexico. Farmers coloquially refer to it as 'improved robusta' due to its fruit size, which is reflected in good production per unit area. It is susceptible to coffee berry borer; no rust damage has been observed. The multiplication is via seed, which does not guarantee homogeneity of the resulting population. Mucilage detaches easily through pulping and fermentation. This clone is typically cultivated at 700 meters above sea level. Must be planted together with other clones to enable fruit set.",Large (screen size >17),Mexican Coffee Institute (INMECAFE)/INIFAP,Unknown/Desconocido,Susceptible SHOOT HOLE BORER ( XYLOSANDUS COMPACTUS ) Unknown,Unknown,Tolerant,Average,Mexico,Tall plant with very large fruit. Susceptible to shoot hole borer.,Congo group,Green,Unknown,INIFAP 95-9,Unknown,Medium,,1000-2000 plants/ha (using single-stem pruning),,Average,Robusta,Tall,Clone,Year 2,Unknown/Desconocido- kg/ha
Alternates high and low production years. Susceptible to stem and shoot hole borer and leaf anthracnose. The weight of its production can overwhelm the stems. Typically cultivated at 700 meters above sea level. Must be planted together with other clones to enable fruit set.,Medium (screen size 15-16),Centre de Recherche Nestlé/INIFAP,Unknown/Desconocido,Susceptible SHOOT HOLE BORER ( XYLOSANDUS COMPACTUS ) Susceptible,Unknown,Tolerant,Low,Mexico,"Tall growth, tendency to form plants with more than three productive stems and good yield of cherries. Very susceptible to stem borers and anthracnose.",Congo group,Dark Bronze,Unknown,INIFAP 97-14,Unknown,High,,1000-2000 plants/ha (using single-stem pruning),,Very Late,Robusta,Tall,Clone,Year 2,Unknown/Desconocido- kg/ha
"Susceptible to coffee leaf rust, anthracnose, and coffee thread blight. However, it offers a good range of adaptation to different environments. Typically cultivated at 700 meters above sea level. Must be planted together with other clones to enable fruit set.",Medium (screen size 15-16),Centre de Recherche Nestlé/INIFAP,Unknown/Desconocido,Susceptible SHOOT HOLE BORER ( XYLOSANDUS COMPACTUS ) Susceptible,Unknown,Unknown,Low,Mexico,"Tall growth, tendency to form plants with more than three productive stems. Good yield potential, wide range of adaptation to the climatic conditions of the coast of Chiapas and Veracruz, Mexico.",Guinea group,Dark Bronze,Unknown,INIFAP 97-15,Unknown,Medium,,1000-2000 plants/ha (using single-stem pruning),,Average,Robusta,Tall,Clone,Year 2,Unknown/Desconocido- kg/ha
Resistant to wilt and red blister disease. 81 cupping score on the Specialty Coffee Association scale. Weight of green beans is 19-22g per 100 beans. Must be planted together with other clones to enable fruit set.,Medium (screen size 15-16),National Coffee Research Institute of Uganda (NACORI),20%,Unknown SHOOT HOLE BORER ( XYLOSANDUS COMPACTUS ) Unknown,Unknown,Resistant,Unknown,Uganda,Resistant to coffee wilt disease (CWD).,Uganda group,Green,Hybrid clone of natural cross-pollination,NARO-Kituza Robusta 1,Unknown,High,,1000-2000 plants/ha (using single-stem pruning),,Late,Robusta,Tall,Clone,Unknown,2800 kg/ha
Resistant to wilt and red blister disease. 80 cupping score on the Specialty Coffee Association scale. Weight of green beans is 19-22g per 100 green beans. Must be planted together with other clones to enable fruit set.,Medium (screen size 15-16),National Coffee Research Institute of Uganda (NACORI),20%,Unknown SHOOT HOLE BORER ( XYLOSANDUS COMPACTUS ) Unknown,Unknown,Resistant,Unknown,Uganda,Resistant to coffee wilt disease (CWD).,Uganda group,Green,Hybrid clone of natural cross-pollination,NARO-Kituza Robusta 10,Unknown,High,,1000-2000 plants/ha (using single-stem pruning),,Late,Robusta,Tall,Clone,Unknown,4800 kg/ha
Resistant to wilt and red blister disease. 82 cupping score on the Specialty Coffee Association scale. Weight of green beans is 18-22g per 100 green beans. Must be planted together with other clones to enable fruit set.,Medium (screen size 15-16),National Coffee Research Institute of Uganda (NACORI),20%,Unknown SHOOT HOLE BORER ( XYLOSANDUS COMPACTUS ) Unknown,Unknown,Resistant,Unknown,Uganda,Resistant to coffee wilt disease (CWD).,Uganda group,Green,Hybrid clone of natural cross-pollination,NARO-Kituza Robusta 2,Unknown,High,,1000-2000 plants/ha (using single-stem pruning),,Late,Robusta,Tall,Clone,Unknown,2600 kg/ha
Resistant to wilt and red blister disease. 78 cupping score on the Specialty Coffee Association scale. Weight of green beans is 19-22g per 100 green beans. Must be planted together with other clones to enable fruit set.,Medium (screen size 15-16),National Coffee Research Institute of Uganda (NACORI),20%,Unknown SHOOT HOLE BORER ( XYLOSANDUS COMPACTUS ) Unknown,Unknown,Resistant,Unknown,Uganda,Resistant to coffee wilt disease (CWD).,Uganda group,Green,Hybrid clone of natural cross-pollination,NARO-Kituza Robusta 3,Unknown,High,,1000-2000 plants/ha (using single-stem pruning),,Late,Robusta,Tall,Clone,Unknown,4900 kg/ha
Resistant to wilt and red blister disease. 81 cupping score on the Specialty Coffee Association scale. Weight of green beans is 16g per 100 green beans. Must be planted together with other clones to enable fruit set.,Medium (screen size 15-16),National Coffee Research Institute of Uganda (NACORI),20%,Unknown SHOOT HOLE BORER ( XYLOSANDUS COMPACTUS ) Unknown,Unknown,Resistant,Unknown,Uganda,Resistant to coffee wilt disease (CWD).,Uganda group,Green,Hybrid clone of natural cross-pollination,NARO-Kituza Robusta 4,Unknown,High,,1000-2000 plants/ha (using single-stem pruning),,Early,Robusta,Tall,Clone,Unknown,2300 kg/ha
Resistant to wilt and red blister disease. 76 cupping score on the Specialty Coffee Association scale. Weight of green beans is 19-22g per 100 green beans. Must be planted together with other clones to enable fruit set.,Medium (screen size 15-16),National Coffee Research Institute of Uganda (NACORI),20%,Unknown SHOOT HOLE BORER ( XYLOSANDUS COMPACTUS ) Unknown,Unknown,Resistant,Unknown,Uganda,Resistant to coffee wilt disease (CWD).,Uganda group,Green,Hybrid clone of natural cross-pollination,NARO-Kituza Robusta 5,Unknown,High,,1000-2000 plants/ha (using single-stem pruning),,Late,Robusta,Tall,Clone,Unknown,2860 kg/ha
Resistant to wilt and red blister disease. 70 cupping score on the Specialty Coffee Association scale. Weight of green beans is 19-22g per 100 green beans. Must be planted together with other clones to enable fruit set.,Medium (screen size 15-16),National Coffee Research Institute of Uganda (NACORI),20%,Unknown SHOOT HOLE BORER ( XYLOSANDUS COMPACTUS ) Unknown,Unknown,Resistant,Unknown,Uganda,Resistant to coffee wilt disease (CWD).,Uganda group,Green,Hybrid clone of natural cross-pollination,NARO-Kituza Robusta 6,Unknown,High,,1000-2000 plants/ha (using single-stem pruning),,Late,Robusta,Tall,Clone,Unknown,2650 kg/ha
Resistant to wilt and red blister disease. 76 cupping score on the Specialty Coffee Association scale. Weight of green beans is 19-22g per 100 green beans. Must be planted together with other clones to enable fruit set.,Medium (screen size 15-16),National Coffee Research Institute of Uganda (NACORI),20%,Unknown SHOOT HOLE BORER ( XYLOSANDUS COMPACTUS ) Unknown,Unknown,Tolerant,Unknown,Uganda,Resistant to coffee wilt disease (CWD).,Uganda group,Green,Hybrid clone of natural cross-pollination,NARO-Kituza Robusta 7,Unknown,High,,1000-2000 plants/ha (using single-stem pruning),,Late,Robusta,Tall,Clone,Unknown,3000 kg/ha
Resistant to wilt and red blister disease. 79 cupping score on the Specialty Coffee Association scale. Weight of green beans is 19-22g per 100 green beans. Must be planted together with other clones to enable fruit set.,Medium (screen size 15-16),National Coffee Research Institute of Uganda (NACORI),20%,Unknown SHOOT HOLE BORER ( XYLOSANDUS COMPACTUS ) Unknown,Unknown,Tolerant,Unknown,Uganda,Resistant to coffee wilt disease (CWD).,Uganda group,Green,Hybrid clone of natural cross-pollination,NARO-Kituza Robusta 8,Unknown,High,,1000-2000 plants/ha (using single-stem pruning),,Early,Robusta,Tall,Clone,Unknown,3100 kg/ha
Resistant to wilt and red blister disease. 79 cupping score on the Specialty Coffee Association scale. Weight of green beans is 19-22g per 100 green beans. Must be planted together with other clones to enable fruit set.,Medium (screen size 15-16),National Coffee Research Institute of Uganda (NACORI),20%,Unknown SHOOT HOLE BORER ( XYLOSANDUS COMPACTUS ) Unknown,Unknown,Tolerant,Unknown,Uganda,Resistant to coffee wilt disease (CWD).,Uganda group,Green,Hybrid clone of natural cross-pollination,NARO-Kituza Robusta 9,Unknown,High,,1000-2000 plants/ha (using single-stem pruning),,Late,Robusta,Tall,Clone,Unknown,3900 kg/ha
"It can be grown at altitudes of 500 to 1000 meters above sea level. The bushes are spread out with 50–70 fruits per node in normal clusters, red in color with average cup quality. The fruit is relatively small in size. Yield of up to 1500 kg/ha under rainfed and shaded conditions and up to 2500 kg/ha under intensive cultivation practices including blossom and backing irrigation.",Small (screen size 14 or below),"Central Coffee Research Institute (CCRI), Coffee Board of India",25%,Susceptible SHOOT HOLE BORER ( XYLOSANDUS COMPACTUS ) Susceptible,Unknown,Tolerant,Low,India,"Vigorous, wide-spreading, grow into moderately large trees. High-yielding, beans relatively small in size.",Congo group,Green or Bronze,Unknown,Perdenia,Tolerant,Medium,,1000-2000 plants/ha (using single-stem pruning),,Late,Robusta,Tall,Clone,Year 4,1500-3000 kg/ha
Plant with other clones for fruit set.,Medium (screen size 15-16),Nestlé Research,18-21%,Unknown SHOOT HOLE BORER ( XYLOSANDUS COMPACTUS ) Unknown,Unknown,Resistant,Unknown,"Mexico , The Philippines",Combines excellent yield and cup quality. Very high acceptance among farmers.,Unknown,Not applicable,Unknown,Roubi 1,Unknown,Medium,,,,Unknown,Robusta,Not applicable,Clone,Year 2,Medium-High kg/ha
Plant with other clones for fruit set.,Medium (screen size 15-16),Nestlé Research,18-21%,Unknown SHOOT HOLE BORER ( XYLOSANDUS COMPACTUS ) Unknown,Unknown,Resistant,Unknown,Nicaragua,High productivity and high cup quality.,Unknown,Not applicable,Unknown,Roubi 10,Unknown,Medium,,,,Unknown,Robusta,Not applicable,Clone,Year 2,Medium-High kg/ha
Plant with other clones for fruit set.,Large (screen size >17),Nestlé Research,18-21%,Unknown SHOOT HOLE BORER ( XYLOSANDUS COMPACTUS ) Unknown,Unknown,Resistant,Unknown,"Mexico , The Philippines",Combines excellent yield and cup quality. Very high acceptance among farmers.,Unknown,Not applicable,Unknown,Roubi 2,Unknown,Medium,,,,Unknown,Robusta,Not applicable,Clone,Year 2,Medium-High kg/ha
Plant with other clones for fruit set.,Large (screen size >17),Nestlé Research,18-21%,Unknown SHOOT HOLE BORER ( XYLOSANDUS COMPACTUS ) Unknown,Unknown,Resistant,Unknown,Thailand,High productivity in combination with large bean size.,Unknown,Not applicable,Unknown,Roubi 4,Unknown,Medium,,,,Unknown,Robusta,Not applicable,Clone,Year 2,Medium-High kg/ha
Plant with other clones for fruit set.,Large (screen size >17),Nestlé Research,18-21%,Unknown SHOOT HOLE BORER ( XYLOSANDUS COMPACTUS ) Unknown,Unknown,Resistant,Unknown,Thailand,High produtivity in combination with large bean size.,Unknown,Not applicable,Unknown,Roubi 5,Unknown,Medium,,,,Unknown,Robusta,Not applicable,Clone,Year 2,Medium-High kg/ha
Plant with other clones for fruit set.,Medium (screen size 15-16),Nestlé Research,18-21%,Unknown SHOOT HOLE BORER ( XYLOSANDUS COMPACTUS ) Unknown,Unknown,Resistant,Unknown,Nicaragua,High productivity and high cup quality.,Unknown,Not applicable,Unknown,Roubi 6,Unknown,Medium,,,,Unknown,Robusta,Not applicable,Clone,Year 2,Medium-High kg/ha
Plant with other clones for fruit set.,Small (screen size 14 or below),Nestlé Research,18-21%,Unknown SHOOT HOLE BORER ( XYLOSANDUS COMPACTUS ) Unknown,Unknown,Resistant,Unknown,Nicaragua,Very good cup quality and high productivity.,Unknown,Not applicable,Unknown,Roubi 7,Unknown,Medium,,,,Unknown,Robusta,Not applicable,Clone,Year 2,Medium-High kg/ha
Plant with other clones for fruit set.,Medium (screen size 15-16),Nestlé Research,18-21%,Unknown SHOOT HOLE BORER ( XYLOSANDUS COMPACTUS ) Unknown,Unknown,Resistant,Unknown,Nicaragua,High productivity and high cup quality.,Unknown,Not applicable,Unknown,Roubi 8,Unknown,Medium,,,,Unknown,Robusta,Not applicable,Clone,Year 2,Medium-High kg/ha
Plant with other clones for fruit set.,Small (screen size 14 or below),Nestlé Research,18-21%,Unknown SHOOT HOLE BORER ( XYLOSANDUS COMPACTUS ) Unknown,Unknown,Resistant,Unknown,Nicaragua,High productivity and high cup quality.,Unknown,Not applicable,Unknown,Roubi 9,Unknown,Medium,,,,Unknown,Robusta,Not applicable,Clone,Year 2,Medium-High kg/ha
This clone is suitable for cultivation in dry climate areas and will perform best in the altitude range of 400–900 meters above sea level. This clone is susceptible to Pratylenchus coffeae. Must be planted together with other clones to enable fruit set.,Large (screen size >17),Indonesian Coffee and Cocoa Research Institute (ICCRI),Unknown,Susceptible SHOOT HOLE BORER ( XYLOSANDUS COMPACTUS ) Unknown,Tolerant,Resistant,Average,Indonesia,Suitable for cultivation under agroforestry systems in areas with dry climates.,Congo group,Light Bronze,The genetic composition of this clone is close to the 'R' group of robusta species.,SA 237,Susceptible,Medium,,1000-2000 plants/ha (using single-stem pruning),,Average,Robusta,Tall,Clone,Year 2,800-2100 kg/ha
"This variety is composed of two clones—S.270 and S.274—which are required to be planted together, because separate planting will reduce fruit sets.These two genotypes have recorded yields of nearly 1000 kg/ha on an average over 35 years of testing in rain-fed conditions. The planting density for this variety is 3m x 3m.",Medium (screen size 15-16),"Central Coffee Research Institute (CCRI), Coffee Board of India",20%,Unknown SHOOT HOLE BORER ( XYLOSANDUS COMPACTUS ) Tolerant,Unknown,Tolerant,Unknown,India,Plants that are very vigorous and grow into moderately large trees.,Guinea x Coffea congensis group,Green,Coffea congensis x Coffea canephora and recurrent back cross to Robusta. Selection from BC2.,Sln.1R,Tolerant,Unknown,,1000-2000 plants/ha (using single-stem pruning),,Late,Robusta,Dwarf/Compact,Polyclonal,Unknown,1500-3000 kg/ha
"Many agronomic traits of Sln.2R, including yield potential, resemble Sln.1R. However, these clones have a higher stability for A-grade beans than the Sln.1R. This variety is composed of a mixture of three clones—BR 9, 10, and 11—which are required to be planted in mixtures, because separate planting will reduce fruit sets. Yield of up to 1,500 kg/ha in wet and shaded conditions and up to 2,500 kg/ha when managed carefully, including supplementary irrigation and flowering management.",Large (screen size >17),"Central Coffee Research Institute (CCRI), Coffee Board of India",Unknown,Unknown SHOOT HOLE BORER ( XYLOSANDUS COMPACTUS ) Unknown,Unknown,Unknown,Unknown,India,Plants that are very vigorous and grow into moderately large trees and produce large beans.,Guinea x Coffea congensis group,Unknown,Coffea congensis x Coffea canephora,Sln.2R,Unknown,Unknown,,1000-2000 plants/ha (using single-stem pruning),,Unknown,Robusta,Unknown,Polyclonal,Unknown,1500-3000 kg/ha
"Relatively high water requirement for blossom and backing compared to other Robusta varieties. It is considered year-1 producing when using clones. If using seed, it will produce in year 2 and year 3, when cultivated under shade. Using irrigation can assist with early ripening. The planting density for this variety ranges from to 2.4m x 2.4m to 2.7m x 2.7m. Cultivated at altitudes of 500 to 1000 meters above sea level. Yield of up to 1500 kg/ha under rain-fed and shaded conditions and up to 2500 kg/ha under intensive cultivation practices including blossom & backing irrigation.",Large (screen size >17),"Central Coffee Research Institute (CCRI), Coffee Board of India",20%,Susceptible SHOOT HOLE BORER ( XYLOSANDUS COMPACTUS ) Susceptible,Unknown,Tolerant,High,India,"Compact plant stature with good yielding potential, suitable for high-density planting.",Guinea x Coffea congensis group,Light Bronze,Coffea congensis x Coffea canephora and recurrent back cross to Robusta. Selection from BC2.,Sln.3R,Tolerant,Medium,,1000-2000 plants/ha (using single-stem pruning),,Average,Robusta,Dwarf/Compact,Polyclonal,Year 2,1500-2500 kg/ha
Resistant to coffee leaf rust and high cup quality. The optimal altitude for production is around 500–800 meters above sea level. Must be planted together with other clones to enable fruit set.,Medium (screen size 15-16),Western Highlands Agroforestry Science Institute (WASI),24%,Unknown SHOOT HOLE BORER ( XYLOSANDUS COMPACTUS ) Unknown,Unknown,Tolerant,Average,Vietnam,Very high yield and quality. Strong growth.,Congo group,Green,"Selection of mother tree from open-pollinated population in cultivation, vegetative multiplication by grafting",TR11,Unknown,High,,1000-2000 plants/ha (using single-stem pruning),,Late,Robusta,Tall,Clone,Year 2,5000-6000 kg/ha
High and stable yield and quality. Strong secondary branching. The optimal altitude for production is around 500–800 meters above sea level. Must be planted together with other clones to enable fruit set.,Medium (screen size 15-16),Western Highlands Agroforestry Science Institute (WASI),24%,Unknown SHOOT HOLE BORER ( XYLOSANDUS COMPACTUS ) Unknown,Unknown,Tolerant,Low,Vietnam,High yield and wide adaptation to different environments.,Congo group,Green,"Selection of mother tree from open-pollinated population in cultivation, vegetative multiplication by grafting",TR4,Unknown,High,,1000-2000 plants/ha (using single-stem pruning),,Average,Robusta,Dwarf/Compact,Clone,Year 2,5000-7000 kg/ha
Resistant to coffee leaf rust and high cup quality. The optimal altitude for production is around 500–800 meters above sea level. Must be planted together with other clones to enable fruit set.,Large (screen size >17),Western Highlands Agroforestry Science Institute (WASI),23%,Unknown SHOOT HOLE BORER ( XYLOSANDUS COMPACTUS ) Unknown,Unknown,Tolerant,Average,Vietnam,"Very high yield and cup quality, large bean size.",Congo group,Dark Bronze,"Selection of mother tree from open-pollinated population in cultivation, vegetative multiplication by grafting",TR9,Unknown,High,,1000-2000 plants/ha (using single-stem pruning),,Late,Robusta,Dwarf/Compact,Clone,Year 2,5000-6000 kg/ha
"Because this plant is a polyclonal/synthetic variety (i.e., is composed of a combination of multiple unique types), plants will exhibit growth differences. Easy multiplication by seed. Good adaptation. Variety most commonly used by farmers. Optimal altitude for production is around 400–900 meters above sea level.",Medium (screen size 15-16),Western Highlands Agroforestry Science Institute (WASI),22%,Unknown SHOOT HOLE BORER ( XYLOSANDUS COMPACTUS ) Unknown,Unknown,Tolerant,Average,Vietnam,Wide adaptation to different environments; average input requirements.,Congo group,,"Parent clones: TR4, TR9, TR11, TR12",TRS1,Unknown,Medium,,1000-2000 plants/ha (using single-stem pruning),,Average,Robusta,Dwarf/Compact,Polyclonal,Year 3,4000-5000 kg/ha
Relatively drought tolerant. Presents low secondary branching in some regions. The optimal altitude for production is around 500-800 meters above sea level. Must be planted together with other clones to enable fruit set.,Large (screen size >17),"Farmer selected, approved by Western Highlands Agroforestry Science Institute (WASI)",23%,Unknown SHOOT HOLE BORER ( XYLOSANDUS COMPACTUS ) Unknown,Unknown,Tolerant,Average,Vietnam,"Compact, very high yield. High-quality, relative drought tolerance, late to ripen.",Congo group,Light Bronze,"Selection of mother tree from open-pollinated population in cultivation, vegetative multiplication by grafting",Xanh lun,Unknown,High,,1000-2000 plants/ha (using single-stem pruning),,Late,Robusta,Dwarf/Compact,Clone,Year 2,5000-6000 kg/ha
